{"_wandb": {"runtime": 84}, "evaluation/episode_score": 380.0, "env/episode_steps": 3113, "_timestamp": 1766635935.6605623, "_runtime": 86.68857026100159, "_step": 14000}