{"envSteps": 624797, "gradientSteps": 25300, "totalReward": 145.0, "worldModelLoss": 11296.0767578125, "reconstructionLoss": 11294.7900390625, "rewardPredictorLoss": -0.7287890911102295, "klLoss": 2.0152470111846923, "actorLoss": 0.00028012008988298476, "criticLoss": 1.122688889503479, "entropies": 0.40655240416526794, "logprobs": -0.4054180085659027, "advantages": 0.0003388410259503871, "criticValues": 24.663707733154297, "_timestamp": 1766636442.385664, "_runtime": 22713.16864299774, "_step": 25300, "evaluation/episode_score": 235.0, "env/episode_steps": 2517, "evaluation/score": 235.0, "_wandb": {"runtime": 22759}}